ID,Date,Content,Genre
1,2020-01-01,"In a galaxy far, far away, a small rebellion fights against tyranny...",Science Fiction
2,2020-01-02,She opened the ancient spellbook and magic energy flowed out...,Fantasy
3,2020-01-03,The detective examined the crime scene looking for hidden clues...,Mystery
4,2020-01-04,Advanced AI robots developed consciousness and started questioning...,Science Fiction
5,2020-01-05,The young wizard's apprentice accidentally cast a powerful spell...,Fantasy
6,2020-01-06,Love bloomed unexpectedly between two unlikely souls...,Romance
7,2020-01-07,The spaceship encountered an alien civilization on a distant planet...,Science Fiction
8,2020-01-08,Dark forces gathered in the enchanted forest threatening the kingdom...,Fantasy
9,2020-01-09,A murder occurred in the locked library room with no witnesses...,Mystery
10,2020-01-10,Time travel technology created paradoxes across multiple timelines...,Science Fiction
11,2020-01-11,"In a galaxy far, far away, a small rebellion fights against tyranny...",Science Fiction
12,2020-01-12,She opened the ancient spellbook and magic energy flowed out...,Fantasy
13,2020-01-13,The detective examined the crime scene looking for hidden clues...,Mystery
14,2020-01-14,Advanced AI robots developed consciousness and started questioning...,Science Fiction
15,2020-01-15,The young wizard's apprentice accidentally cast a powerful spell...,Fantasy
16,2020-01-16,Love bloomed unexpectedly between two unlikely souls...,Romance
17,2020-01-17,The spaceship encountered an alien civilization on a distant planet...,Science Fiction
18,2020-01-18,Dark forces gathered in the enchanted forest threatening the kingdom...,Fantasy
19,2020-01-19,A murder occurred in the locked library room with no witnesses...,Mystery
20,2020-01-20,Time travel technology created paradoxes across multiple timelines...,Science Fiction
21,2020-01-21,"In a galaxy far, far away, a small rebellion fights against tyranny...",Science Fiction
22,2020-01-22,She opened the ancient spellbook and magic energy flowed out...,Fantasy
23,2020-01-23,The detective examined the crime scene looking for hidden clues...,Mystery
24,2020-01-24,Advanced AI robots developed consciousness and started questioning...,Science Fiction
25,2020-01-25,The young wizard's apprentice accidentally cast a powerful spell...,Fantasy
26,2020-01-26,Love bloomed unexpectedly between two unlikely souls...,Romance
27,2020-01-27,The spaceship encountered an alien civilization on a distant planet...,Science Fiction
28,2020-01-28,Dark forces gathered in the enchanted forest threatening the kingdom...,Fantasy
29,2020-01-29,A murder occurred in the locked library room with no witnesses...,Mystery
30,2020-01-30,Time travel technology created paradoxes across multiple timelines...,Science Fiction
31,2020-01-31,"In a galaxy far, far away, a small rebellion fights against tyranny...",Science Fiction
32,2020-02-01,She opened the ancient spellbook and magic energy flowed out...,Fantasy
33,2020-02-02,The detective examined the crime scene looking for hidden clues...,Mystery
34,2020-02-03,Advanced AI robots developed consciousness and started questioning...,Science Fiction
35,2020-02-04,The young wizard's apprentice accidentally cast a powerful spell...,Fantasy
36,2020-02-05,Love bloomed unexpectedly between two unlikely souls...,Romance
37,2020-02-06,The spaceship encountered an alien civilization on a distant planet...,Science Fiction
38,2020-02-07,Dark forces gathered in the enchanted forest threatening the kingdom...,Fantasy
39,2020-02-08,A murder occurred in the locked library room with no witnesses...,Mystery
40,2020-02-09,Time travel technology created paradoxes across multiple timelines...,Science Fiction
41,2020-02-10,"In a galaxy far, far away, a small rebellion fights against tyranny...",Science Fiction
42,2020-02-11,She opened the ancient spellbook and magic energy flowed out...,Fantasy
43,2020-02-12,The detective examined the crime scene looking for hidden clues...,Mystery
44,2020-02-13,Advanced AI robots developed consciousness and started questioning...,Science Fiction
45,2020-02-14,The young wizard's apprentice accidentally cast a powerful spell...,Fantasy
46,2020-02-15,Love bloomed unexpectedly between two unlikely souls...,Romance
47,2020-02-16,The spaceship encountered an alien civilization on a distant planet...,Science Fiction
48,2020-02-17,Dark forces gathered in the enchanted forest threatening the kingdom...,Fantasy
49,2020-02-18,A murder occurred in the locked library room with no witnesses...,Mystery
50,2020-02-19,Time travel technology created paradoxes across multiple timelines...,Science Fiction
51,2020-02-20,"In a galaxy far, far away, a small rebellion fights against tyranny...",Science Fiction
52,2020-02-21,She opened the ancient spellbook and magic energy flowed out...,Fantasy
53,2020-02-22,The detective examined the crime scene looking for hidden clues...,Mystery
54,2020-02-23,Advanced AI robots developed consciousness and started questioning...,Science Fiction
55,2020-02-24,The young wizard's apprentice accidentally cast a powerful spell...,Fantasy
56,2020-02-25,Love bloomed unexpectedly between two unlikely souls...,Romance
57,2020-02-26,The spaceship encountered an alien civilization on a distant planet...,Science Fiction
58,2020-02-27,Dark forces gathered in the enchanted forest threatening the kingdom...,Fantasy
59,2020-02-28,A murder occurred in the locked library room with no witnesses...,Mystery
60,2020-02-29,Time travel technology created paradoxes across multiple timelines...,Science Fiction
61,2020-03-01,"In a galaxy far, far away, a small rebellion fights against tyranny...",Science Fiction
62,2020-03-02,She opened the ancient spellbook and magic energy flowed out...,Fantasy
63,2020-03-03,The detective examined the crime scene looking for hidden clues...,Mystery
64,2020-03-04,Advanced AI robots developed consciousness and started questioning...,Science Fiction
65,2020-03-05,The young wizard's apprentice accidentally cast a powerful spell...,Fantasy
66,2020-03-06,Love bloomed unexpectedly between two unlikely souls...,Romance
67,2020-03-07,The spaceship encountered an alien civilization on a distant planet...,Science Fiction
68,2020-03-08,Dark forces gathered in the enchanted forest threatening the kingdom...,Fantasy
69,2020-03-09,A murder occurred in the locked library room with no witnesses...,Mystery
70,2020-03-10,Time travel technology created paradoxes across multiple timelines...,Science Fiction
71,2020-03-11,"In a galaxy far, far away, a small rebellion fights against tyranny...",Science Fiction
72,2020-03-12,She opened the ancient spellbook and magic energy flowed out...,Fantasy
73,2020-03-13,The detective examined the crime scene looking for hidden clues...,Mystery
74,2020-03-14,Advanced AI robots developed consciousness and started questioning...,Science Fiction
75,2020-03-15,The young wizard's apprentice accidentally cast a powerful spell...,Fantasy
76,2020-03-16,Love bloomed unexpectedly between two unlikely souls...,Romance
77,2020-03-17,The spaceship encountered an alien civilization on a distant planet...,Science Fiction
78,2020-03-18,Dark forces gathered in the enchanted forest threatening the kingdom...,Fantasy
79,2020-03-19,A murder occurred in the locked library room with no witnesses...,Mystery
80,2020-03-20,Time travel technology created paradoxes across multiple timelines...,Science Fiction
81,2020-03-21,"In a galaxy far, far away, a small rebellion fights against tyranny...",Science Fiction
82,2020-03-22,She opened the ancient spellbook and magic energy flowed out...,Fantasy
83,2020-03-23,The detective examined the crime scene looking for hidden clues...,Mystery
84,2020-03-24,Advanced AI robots developed consciousness and started questioning...,Science Fiction
85,2020-03-25,The young wizard's apprentice accidentally cast a powerful spell...,Fantasy
86,2020-03-26,Love bloomed unexpectedly between two unlikely souls...,Romance
87,2020-03-27,The spaceship encountered an alien civilization on a distant planet...,Science Fiction
88,2020-03-28,Dark forces gathered in the enchanted forest threatening the kingdom...,Fantasy
89,2020-03-29,A murder occurred in the locked library room with no witnesses...,Mystery
90,2020-03-30,Time travel technology created paradoxes across multiple timelines...,Science Fiction
91,2020-03-31,"In a galaxy far, far away, a small rebellion fights against tyranny...",Science Fiction
92,2020-04-01,She opened the ancient spellbook and magic energy flowed out...,Fantasy
93,2020-04-02,The detective examined the crime scene looking for hidden clues...,Mystery
94,2020-04-03,Advanced AI robots developed consciousness and started questioning...,Science Fiction
95,2020-04-04,The young wizard's apprentice accidentally cast a powerful spell...,Fantasy
96,2020-04-05,Love bloomed unexpectedly between two unlikely souls...,Romance
97,2020-04-06,The spaceship encountered an alien civilization on a distant planet...,Science Fiction
98,2020-04-07,Dark forces gathered in the enchanted forest threatening the kingdom...,Fantasy
99,2020-04-08,A murder occurred in the locked library room with no witnesses...,Mystery
100,2020-04-09,Time travel technology created paradoxes across multiple timelines...,Science Fiction
